time,throttle,steering
0.010000,0.199284,0.000047
0.020000,0.003988,0.000043
0.030000,0.007443,0.000043
0.040000,0.010516,0.000043
0.050000,0.013328,0.000043
0.060000,0.015975,0.000043
0.070000,0.018535,0.000043
0.080000,0.021072,0.000047
0.090000,0.023642,0.000047
0.100000,0.026290,0.000047
0.110000,0.029057,0.000047
0.120000,0.031981,0.000047
0.130000,0.035095,0.000047
0.140000,0.038433,0.000047
0.150000,0.042028,0.000047
0.160000,0.045911,0.000047
0.170000,0.050116,0.000047
0.180000,0.054678,0.000047
0.190000,0.059632,0.000047
0.200000,0.065019,0.000047
0.210000,0.070879,0.000047
0.220000,0.077256,0.000047
0.230000,0.084199,0.000047
0.240000,0.091759,0.000047
0.250000,0.099992,0.000047
0.260000,0.109539,0.000027
0.270000,0.128340,0.004674
0.280000,0.125190,-0.020311
0.290000,0.148715,-0.015685
0.300000,0.144239,-0.040632
0.310000,0.174343,-0.035961
0.320000,0.167318,-0.060795
0.330000,0.205442,-0.056014
0.340000,0.195502,-0.080660
0.350000,0.242619,-0.075708
0.360000,0.229946,-0.100092
0.370000,0.286597,-0.094912
0.380000,0.271669,-0.118961
0.390000,0.338111,-0.113501
0.400000,0.321524,-0.137144
0.410000,0.397860,-0.131358
0.420000,0.380223,-0.154530
0.430000,0.466466,-0.148380
0.440000,0.448352,-0.171017
0.450000,0.544471,-0.164476
0.460000,0.526405,-0.186524
0.470000,0.633000,-0.179579
0.480000,0.615520,-0.200978
0.490000,0.632074,-0.193618
0.500000,0.626708,-0.198576
0.510000,0.731445,-0.174913
0.520000,0.729132,-0.179041
0.530000,0.838654,-0.154670
0.540000,0.845017,-0.157878
0.550000,0.957520,-0.133404
0.560000,0.942162,-0.136208
0.570000,1.000000,-0.127880
0.580000,1.000000,-0.146615
0.590000,1.000000,-0.138166
0.600000,1.000000,-0.156393
0.610000,1.000000,-0.147773
0.620000,1.000000,-0.165553
0.630000,1.000000,-0.156724
0.640000,1.000000,-0.174075
0.650000,1.000000,-0.164981
0.660000,1.000000,-0.181741
0.670000,1.000000,-0.172160
0.680000,1.000000,-0.187453
0.690000,1.000000,-0.176446
0.700000,1.000000,-0.190454
0.710000,1.000000,-0.178169
0.720000,1.000000,-0.190678
0.730000,1.000000,-0.176859
0.740000,1.000000,-0.187978
0.750000,1.000000,-0.172709
0.760000,1.000000,-0.182359
0.770000,1.000000,-0.165553
0.780000,1.000000,-0.173749
0.790000,1.000000,-0.155528
0.800000,1.000000,-0.162361
0.810000,1.000000,-0.143665
0.820000,1.000000,-0.149733
0.830000,1.000000,-0.134244
0.840000,1.000000,-0.124772
0.850000,1.000000,-0.113421
0.860000,1.000000,-0.128047
0.870000,1.000000,-0.116371
0.880000,1.000000,-0.130597
0.890000,1.000000,-0.118488
0.900000,1.000000,-0.132165
0.910000,1.000000,-0.119469
0.920000,1.000000,-0.132415
0.930000,1.000000,-0.118945
0.940000,1.000000,-0.130986
0.950000,1.000000,-0.116564
0.960000,1.000000,-0.127586
0.970000,1.000000,-0.112102
0.980000,1.000000,-0.122060
0.990000,1.000000,-0.105491
1.000000,1.000000,-0.114399
1.010000,1.000000,-0.096822
1.020000,1.000000,-0.104771
1.030000,1.000000,-0.086428
1.040000,1.000000,-0.093647
1.050000,1.000000,-0.075055
1.060000,1.000000,-0.082009
1.070000,1.000000,-0.063802
1.080000,1.000000,-0.071029
1.090000,1.000000,-0.053369
1.100000,1.000000,-0.061007
1.110000,1.000000,-0.043795
1.120000,1.000000,-0.051818
1.130000,1.000000,-0.034991
1.140000,1.000000,-0.043403
1.150000,1.000000,-0.026924
1.160000,1.000000,-0.035728
1.170000,1.000000,-0.019577
1.180000,1.000000,-0.028766
1.190000,1.000000,-0.012932
1.200000,1.000000,-0.022497
1.210000,1.000000,-0.006967
1.220000,1.000000,-0.016894
1.230000,1.000000,-0.001657
1.240000,1.000000,-0.011928
1.250000,1.000000,0.003021
1.260000,1.000000,-0.007576
1.270000,1.000000,0.007098
1.280000,1.000000,-0.003805
1.290000,1.000000,0.010610
1.300000,1.000000,-0.000579
1.310000,1.000000,0.013593
1.320000,1.000000,0.002142
1.330000,1.000000,0.016088
1.340000,1.000000,0.004397
1.350000,1.000000,0.018134
1.360000,1.000000,0.006226
1.370000,1.000000,0.019773
1.380000,1.000000,0.007671
1.390000,1.000000,0.021045
1.400000,1.000000,0.008775
1.410000,1.000000,0.021992
1.420000,1.000000,0.009577
1.430000,1.000000,0.022656
1.440000,1.000000,0.010121
1.450000,1.000000,0.023077
1.460000,1.000000,0.010447
1.470000,1.000000,0.023298
1.480000,1.000000,0.010595
1.490000,1.000000,0.023356
1.500000,1.000000,0.010605
1.510000,1.000000,0.023290
1.520000,1.000000,0.010514
1.530000,1.000000,0.023137
1.540000,1.000000,0.010361
1.550000,1.000000,0.022932
1.560000,1.000000,0.010178
1.570000,1.000000,0.022711
1.580000,1.000000,0.010001
1.590000,1.000000,0.022503
1.600000,1.000000,0.009862
1.610000,1.000000,0.022341
1.620000,1.000000,0.009792
1.630000,1.000000,0.022255
1.640000,1.000000,0.009824
1.650000,1.000000,0.022274
1.660000,1.000000,0.009989
1.670000,1.000000,0.022430
1.680000,1.000000,0.010325
1.690000,1.000000,0.022759
1.700000,1.000000,0.010874
1.710000,1.000000,0.023304
1.720000,1.000000,0.011690
1.730000,1.000000,0.024120
1.740000,1.000000,0.012851
1.750000,1.000000,0.025290
1.760000,1.000000,0.014471
1.770000,1.000000,0.026938
1.780000,1.000000,0.016727
1.790000,1.000000,0.029265
1.800000,1.000000,0.019925
1.810000,1.000000,0.032623
1.820000,1.000000,0.024614
1.830000,1.000000,0.037669
1.840000,1.000000,0.031875
1.850000,1.000000,0.045719
1.860000,1.000000,0.043985
1.870000,1.000000,0.059159
1.880000,1.000000,0.063009
1.890000,1.000000,0.051822
1.900000,1.000000,-1.000000
1.910000,1.000000,-1.000000
1.920000,1.000000,1.000000
1.930000,1.000000,1.000000
1.940000,1.000000,1.000000
1.950000,1.000000,1.000000
1.960000,1.000000,1.000000
1.970000,1.000000,1.000000
1.980000,1.000000,1.000000
1.990000,1.000000,1.000000
2.000000,1.000000,1.000000
2.010000,1.000000,1.000000
2.020000,1.000000,1.000000
2.030000,1.000000,1.000000
2.040000,1.000000,1.000000
2.050000,1.000000,1.000000
2.060000,1.000000,1.000000
2.070000,1.000000,1.000000
2.080000,1.000000,1.000000
2.090000,1.000000,1.000000
2.100000,1.000000,1.000000
2.110000,1.000000,1.000000
2.120000,1.000000,1.000000
2.130000,1.000000,1.000000
2.140000,1.000000,1.000000
2.150000,1.000000,1.000000
2.160000,1.000000,1.000000
2.170000,1.000000,1.000000
2.180000,1.000000,1.000000
2.190000,1.000000,1.000000
2.200000,1.000000,1.000000
2.210000,1.000000,1.000000
2.220000,0.000000,1.000000
2.230000,0.000000,1.000000
2.240000,0.000000,1.000000
2.250000,0.000000,1.000000
2.260000,0.000000,1.000000
2.270000,0.000000,1.000000
2.280000,0.000000,1.000000
2.290000,0.000000,1.000000
2.300000,0.000000,1.000000
2.310000,0.000000,1.000000
2.320000,0.000000,1.000000
2.330000,0.000000,1.000000
2.340000,0.000000,1.000000
2.350000,1.000000,1.000000
2.360000,1.000000,1.000000
2.370000,1.000000,1.000000
2.380000,1.000000,1.000000
2.390000,1.000000,1.000000
2.400000,1.000000,1.000000
2.410000,1.000000,1.000000
2.420000,1.000000,1.000000
2.430000,1.000000,1.000000
2.440000,1.000000,1.000000
2.450000,1.000000,1.000000
2.460000,1.000000,1.000000
2.470000,1.000000,1.000000
2.480000,1.000000,1.000000
2.490000,1.000000,1.000000
2.500000,1.000000,1.000000
2.510000,1.000000,1.000000
2.520000,1.000000,1.000000
2.530000,1.000000,1.000000
2.540000,1.000000,1.000000
2.550000,1.000000,1.000000
2.560000,1.000000,1.000000
2.570000,1.000000,1.000000
2.580000,1.000000,1.000000
2.590000,1.000000,1.000000
2.600000,1.000000,1.000000
2.610000,1.000000,1.000000
2.620000,1.000000,1.000000
2.630000,1.000000,1.000000
2.640000,1.000000,1.000000
2.650000,1.000000,1.000000
2.660000,1.000000,1.000000
2.670000,0.000000,1.000000
2.680000,1.000000,1.000000
2.690000,1.000000,1.000000
2.700000,1.000000,1.000000
2.710000,0.000000,1.000000
2.720000,1.000000,1.000000
2.730000,1.000000,1.000000
2.740000,1.000000,1.000000
2.750000,1.000000,1.000000
2.760000,1.000000,1.000000
2.770000,0.000000,1.000000
2.780000,1.000000,1.000000
2.790000,1.000000,1.000000
2.800000,1.000000,1.000000
2.810000,1.000000,1.000000
2.820000,1.000000,1.000000
2.830000,0.000000,1.000000
2.840000,1.000000,1.000000
2.850000,0.000000,1.000000
2.860000,1.000000,1.000000
2.870000,1.000000,1.000000
2.880000,1.000000,1.000000
2.890000,0.627922,1.000000
2.900000,0.000000,1.000000
2.910000,0.000000,1.000000
2.920000,0.000000,1.000000
2.930000,0.000000,1.000000
2.940000,0.000000,1.000000
2.950000,0.000000,1.000000
2.960000,0.000000,1.000000
2.970000,0.000000,1.000000
2.980000,0.000000,1.000000
2.990000,0.000000,1.000000
3.000000,0.000000,1.000000
3.010000,0.000000,1.000000
3.020000,0.000000,1.000000
3.030000,0.000000,1.000000
3.040000,0.000000,1.000000
3.050000,0.000000,1.000000
3.060000,0.000000,1.000000
3.070000,0.000000,1.000000
3.080000,0.000000,1.000000
3.090000,0.000000,1.000000
3.100000,0.000000,1.000000
3.110000,0.000000,1.000000
3.120000,0.000000,1.000000
3.130000,0.000000,1.000000
3.140000,0.000000,1.000000
3.150000,0.383085,1.000000
3.160000,0.392352,1.000000
3.170000,0.370499,1.000000
3.180000,0.367284,1.000000
3.190000,0.339629,1.000000
3.200000,0.333097,1.000000
3.210000,0.303395,1.000000
3.220000,0.296061,1.000000
3.230000,0.266228,1.000000
3.240000,0.259419,1.000000
3.250000,0.230465,1.000000
3.260000,0.224829,1.000000
3.270000,0.197276,1.000000
3.280000,0.193045,1.000000
3.290000,0.167142,1.000000
3.300000,0.164096,1.000000
3.310000,0.139123,1.000000
3.320000,0.137797,1.000000
3.330000,0.114153,1.000000
3.340000,0.114258,1.000000
3.350000,0.091441,1.000000
3.360000,0.093229,1.000000
3.370000,0.072234,1.000000
3.380000,0.075144,1.000000
3.390000,0.056247,1.000000
3.400000,0.060603,1.000000
3.410000,0.042875,1.000000
3.420000,0.048707,1.000000
3.430000,0.031993,1.000000
3.440000,0.038797,1.000000
3.450000,0.023422,1.000000
3.460000,0.031025,1.000000
3.470000,0.016757,1.000000
3.480000,0.025150,1.000000
3.490000,0.011678,1.000000
3.500000,0.020682,1.000000
3.510000,0.008019,1.000000
3.520000,0.017440,1.000000
3.530000,0.005564,1.000000
3.540000,0.015327,1.000000
3.550000,0.004077,1.000000
3.560000,0.014110,1.000000
3.570000,0.003402,1.000000
3.580000,0.013598,1.000000
3.590000,0.003409,1.000000
3.600000,0.013697,1.000000
3.610000,0.003967,1.000000
3.620000,0.014302,1.000000
3.630000,0.004965,1.000000
3.640000,0.015298,1.000000
3.650000,0.006321,1.000000
3.660000,0.016609,1.000000
3.670000,0.007961,1.000000
3.680000,0.018174,1.000000
3.690000,0.009820,1.000000
3.700000,0.019936,1.000000
3.710000,0.011850,1.000000
3.720000,0.021846,1.000000
3.730000,0.014006,1.000000
3.740000,0.023868,1.000000
3.750000,0.016255,1.000000
3.760000,0.025972,1.000000
3.770000,0.018568,1.000000
3.780000,0.028130,1.000000
3.790000,0.020922,1.000000
3.800000,0.030324,1.000000
3.810000,0.023298,1.000000
3.820000,0.032536,1.000000
3.830000,0.025680,1.000000
3.840000,0.034752,1.000000
3.850000,0.028058,1.000000
3.860000,0.036961,1.000000
3.870000,0.030420,1.000000
3.880000,0.039156,1.000000
3.890000,0.032760,1.000000
3.900000,0.041329,1.000000
3.910000,0.035071,1.000000
3.920000,0.043475,1.000000
3.930000,0.037349,1.000000
3.940000,0.045591,1.000000
3.950000,0.039591,1.000000
3.960000,0.047673,1.000000
3.970000,0.041795,1.000000
3.980000,0.049719,1.000000
3.990000,0.043958,1.000000
4.000000,0.051729,1.000000
4.010000,0.046080,1.000000
4.020000,0.053701,1.000000
4.030000,0.048161,1.000000
4.040000,0.055634,1.000000
4.050000,0.050200,1.000000
4.060000,0.057530,1.000000
4.070000,0.052198,1.000000
4.080000,0.059388,1.000000
4.090000,0.054155,1.000000
4.100000,0.061208,1.000000
4.110000,0.056072,1.000000
4.120000,0.062992,1.000000
4.130000,0.057950,1.000000
4.140000,0.064740,1.000000
4.150000,0.059789,1.000000
4.160000,0.066454,1.000000
4.170000,0.061592,1.000000
4.180000,0.068134,1.000000
4.190000,0.063359,1.000000
4.200000,0.069781,1.000000
4.210000,0.065091,1.000000
4.220000,0.071397,1.000000
4.230000,0.066790,1.000000
4.240000,0.072983,1.000000
4.250000,0.068456,1.000000
4.260000,0.074540,1.000000
4.270000,0.070092,1.000000
4.280000,0.076069,1.000000
4.290000,0.071698,1.000000
4.300000,0.077571,1.000000
4.310000,0.073276,1.000000
4.320000,0.079048,1.000000
4.330000,0.074826,1.000000
4.340000,0.080500,1.000000
4.350000,0.076351,1.000000
4.360000,0.081929,1.000000
4.370000,0.077851,1.000000
4.380000,0.083336,1.000000
4.390000,0.079327,1.000000
4.400000,0.084721,1.000000
4.410000,0.080781,1.000000
4.420000,0.086087,1.000000
4.430000,0.082214,1.000000
4.440000,0.087434,1.000000
4.450000,0.083627,1.000000
4.460000,0.088763,1.000000
4.470000,0.085021,1.000000
4.480000,0.090076,1.000000
4.490000,0.086397,1.000000
4.500000,0.091373,1.000000
4.510000,0.087756,1.000000
4.520000,0.092655,1.000000
4.530000,0.089100,1.000000
4.540000,0.093923,1.000000
4.550000,0.090428,1.000000
4.560000,0.095178,1.000000
4.570000,0.091743,1.000000
4.580000,0.096421,1.000000
4.590000,0.093044,1.000000
4.600000,0.097652,1.000000
4.610000,0.094334,1.000000
4.620000,0.098873,1.000000
4.630000,0.095612,1.000000
4.640000,0.100085,1.000000
4.650000,0.096879,1.000000
4.660000,0.101287,1.000000
4.670000,0.098137,1.000000
4.680000,0.102482,1.000000
4.690000,0.099386,1.000000
4.700000,0.103669,1.000000
4.710000,0.100627,1.000000
4.720000,0.104849,1.000000
4.730000,0.101860,1.000000
4.740000,0.106023,1.000000
4.750000,0.103087,1.000000
4.760000,0.107192,1.000000
4.770000,0.104307,1.000000
4.780000,0.108357,1.000000
4.790000,0.105523,1.000000
4.800000,0.109517,1.000000
4.810000,0.106733,1.000000
4.820000,0.110673,1.000000
4.830000,0.107940,1.000000
4.840000,0.111827,1.000000
4.850000,0.109143,1.000000
4.860000,0.112979,1.000000
4.870000,0.110343,1.000000
4.880000,0.114129,1.000000
4.890000,0.111541,1.000000
4.900000,0.115278,1.000000
4.910000,0.112738,1.000000
4.920000,0.116426,1.000000
4.930000,0.113934,1.000000
4.940000,0.117574,1.000000
4.950000,0.115129,1.000000
4.960000,0.118723,1.000000
4.970000,0.116324,1.000000
4.980000,0.119873,1.000000
4.990000,0.117520,1.000000
5.000000,0.121025,1.000000
5.010000,0.118717,1.000000
5.020000,0.122178,1.000000
5.030000,0.119916,1.000000
5.040000,0.123335,1.000000
5.050000,0.121117,1.000000
5.060000,0.124494,1.000000
5.070000,0.122321,1.000000
5.080000,0.125657,1.000000
5.090000,0.123528,1.000000
5.100000,0.126824,1.000000
5.110000,0.124738,1.000000
5.120000,0.127995,1.000000
5.130000,0.125953,1.000000
5.140000,0.129172,1.000000
5.150000,0.127173,1.000000
5.160000,0.130354,1.000000
5.170000,0.128398,1.000000
5.180000,0.131542,1.000000
5.190000,0.129629,1.000000
5.200000,0.132737,1.000000
5.210000,0.130866,1.000000
5.220000,0.133938,1.000000
5.230000,0.132109,1.000000
5.240000,0.135146,1.000000
5.250000,0.133360,1.000000
5.260000,0.136363,1.000000
5.270000,0.134618,1.000000
5.280000,0.137587,1.000000
5.290000,0.135884,1.000000
5.300000,0.138821,1.000000
5.310000,0.137158,1.000000
5.320000,0.140063,1.000000
5.330000,0.138442,1.000000
5.340000,0.141315,1.000000
5.350000,0.139735,1.000000
5.360000,0.142576,1.000000
5.370000,0.141037,1.000000
5.380000,0.143849,1.000000
5.390000,0.142351,1.000000
5.400000,0.145132,1.000000
5.410000,0.143674,1.000000
5.420000,0.146426,1.000000
5.430000,0.145010,1.000000
5.440000,0.147733,1.000000
5.450000,0.146357,1.000000
5.460000,0.149051,1.000000
5.470000,0.147716,1.000000
5.480000,0.150383,1.000000
5.490000,0.149088,1.000000
5.500000,0.151728,1.000000
5.510000,0.150473,1.000000
5.520000,0.153086,1.000000
5.530000,0.151872,1.000000
5.540000,0.154459,1.000000
5.550000,0.153286,1.000000
5.560000,0.155846,1.000000
5.570000,0.154714,1.000000
5.580000,0.157249,1.000000
5.590000,0.156157,1.000000
5.600000,0.158668,1.000000
5.610000,0.157616,1.000000
5.620000,0.160102,1.000000
5.630000,0.159092,1.000000
5.640000,0.161554,1.000000
5.650000,0.160584,1.000000
5.660000,0.163023,1.000000
5.670000,0.162094,1.000000
5.680000,0.164510,1.000000
5.690000,0.163622,1.000000
5.700000,0.166015,1.000000
5.710000,0.165168,1.000000
5.720000,0.167539,1.000000
5.730000,0.166734,1.000000
5.740000,0.169083,1.000000
5.750000,0.168319,1.000000
5.760000,0.170647,1.000000
5.770000,0.169925,1.000000
5.780000,0.172231,1.000000
5.790000,0.171551,1.000000
5.800000,0.173837,1.000000
5.810000,0.173199,1.000000
5.820000,0.175465,1.000000
5.830000,0.174869,1.000000
5.840000,0.177115,1.000000
5.850000,0.176562,1.000000
5.860000,0.178789,1.000000
5.870000,0.178278,1.000000
5.880000,0.180486,1.000000
5.890000,0.180019,1.000000
5.900000,0.182208,1.000000
5.910000,0.181785,1.000000
5.920000,0.183955,1.000000
5.930000,0.183576,1.000000
5.940000,0.185728,1.000000
5.950000,0.185393,1.000000
5.960000,0.187527,1.000000
5.970000,0.187237,1.000000
5.980000,0.189354,1.000000
5.990000,0.189109,1.000000
6.000000,0.191209,1.000000
6.010000,0.191009,1.000000
6.020000,0.193093,1.000000
6.030000,0.192939,1.000000
6.040000,0.195007,1.000000
6.050000,0.194899,1.000000
6.060000,0.196951,1.000000
6.070000,0.196890,1.000000
6.080000,0.198927,1.000000
6.090000,0.198913,1.000000
6.100000,0.200934,1.000000
6.110000,0.200968,1.000000
6.120000,0.202975,1.000000
6.130000,0.203057,1.000000
6.140000,0.205050,1.000000
6.150000,0.205181,1.000000
6.160000,0.207160,1.000000
6.170000,0.207340,1.000000
6.180000,0.209305,1.000000
6.190000,0.209536,1.000000
6.200000,0.211488,1.000000
6.210000,0.211769,1.000000
6.220000,0.213708,1.000000
6.230000,0.214040,1.000000
6.240000,0.215968,1.000000
6.250000,0.216352,1.000000
6.260000,0.218267,1.000000
6.270000,0.218704,1.000000
6.280000,0.220607,1.000000
6.290000,0.221098,1.000000
6.300000,0.222990,1.000000
6.310000,0.223534,1.000000
6.320000,0.225416,1.000000
6.330000,0.226016,1.000000
6.340000,0.227886,1.000000
6.350000,0.228542,1.000000
6.360000,0.230403,1.000000
6.370000,0.231115,1.000000
6.380000,0.232967,1.000000
6.390000,0.233737,1.000000
6.400000,0.235579,1.000000
6.410000,0.224272,1.000000
6.420000,0.238252,1.000000
6.430000,0.227460,1.000000
6.440000,0.240991,1.000000
6.450000,0.230725,1.000000
6.460000,0.243792,1.000000
6.470000,0.234066,1.000000
6.480000,0.235940,1.000000
6.490000,0.237489,1.000000
6.500000,0.239366,1.000000
6.510000,0.241000,1.000000
6.520000,0.242876,1.000000
6.530000,0.244594,1.000000
6.540000,0.246469,1.000000
6.550000,0.248272,1.000000
6.560000,0.250143,1.000000
6.570000,0.252031,1.000000
6.580000,0.253899,1.000000
6.590000,0.255874,1.000000
6.600000,0.257739,1.000000
6.610000,0.259802,1.000000
6.620000,0.261664,1.000000
6.630000,0.263817,1.000000
6.640000,0.265676,1.000000
6.650000,0.267921,1.000000
6.660000,0.269778,1.000000
6.670000,0.272117,1.000000
6.680000,0.273973,1.000000
6.690000,0.276408,1.000000
6.700000,0.278264,1.000000
6.710000,0.280798,1.000000
6.720000,0.282654,1.000000
6.730000,0.285290,1.000000
6.740000,0.287148,1.000000
6.750000,0.289888,1.000000
6.760000,0.291750,1.000000
6.770000,0.294596,1.000000
6.780000,0.296462,1.000000
6.790000,0.299419,1.000000
6.800000,0.301291,1.000000
6.810000,0.304361,1.000000
6.820000,0.306240,1.000000
6.830000,0.309427,1.000000
6.840000,0.311315,1.000000
6.850000,0.314622,1.000000
6.860000,0.316520,1.000000
6.870000,0.319951,1.000000
6.880000,0.321861,1.000000
6.890000,0.325419,1.000000
6.900000,0.327343,1.000000
6.910000,0.331033,1.000000
6.920000,0.332973,1.000000
6.930000,0.336798,1.000000
6.940000,0.338756,1.000000
6.950000,0.342722,1.000000
6.960000,0.344699,1.000000
6.970000,0.348810,1.000000
6.980000,0.350809,1.000000
6.990000,0.355070,1.000000
7.000000,0.357094,1.000000
7.010000,0.361513,1.000000
7.020000,0.363567,1.000000
7.030000,0.368153,1.000000
7.040000,0.370243,1.000000
7.050000,0.375001,1.000000
7.060000,0.377124,1.000000
7.070000,0.382066,1.000000
7.080000,0.384222,1.000000
7.090000,0.389353,1.000000
7.100000,0.391555,1.000000
7.110000,0.396874,1.000000
7.120000,0.399129,1.000000
7.130000,0.404649,1.000000
7.140000,0.406940,1.000000
7.150000,0.412683,1.000000
7.160000,0.415017,1.000000
7.170000,0.420973,1.000000
7.180000,0.423389,1.000000
7.190000,0.429552,1.000000
7.200000,0.432036,1.000000
7.210000,0.438454,1.000000
7.220000,0.440954,1.000000
7.230000,0.447648,1.000000
7.240000,0.450225,1.000000
7.250000,0.457134,1.000000
7.260000,0.459870,1.000000
7.270000,0.467008,1.000000
7.280000,0.469787,1.000000
7.290000,0.477300,1.000000
7.300000,0.480037,1.000000
7.310000,0.487869,1.000000
7.320000,0.490812,1.000000
7.330000,0.498777,1.000000
7.340000,0.502019,1.000000
7.350000,0.510309,1.000000
7.360000,0.513389,1.000000
7.370000,0.522339,1.000000
7.380000,0.525316,1.000000
7.390000,0.534456,1.000000
7.400000,0.538085,1.000000
7.410000,0.547094,1.000000
7.420000,0.551131,1.000000
7.430000,0.560991,1.000000
7.440000,0.564125,1.000000
7.450000,0.575060,1.000000
7.460000,0.578408,1.000000
7.470000,0.588822,1.000000
7.480000,0.593953,1.000000
7.490000,0.603731,1.000000
7.500000,0.608696,1.000000
7.510000,0.622136,1.000000
7.520000,0.625910,1.000000
7.530000,0.638791,1.000000
7.540000,0.642880,1.000000
7.550000,0.655114,1.000000
7.560000,0.661246,1.000000
7.570000,0.672884,1.000000
7.580000,0.678792,1.000000
7.590000,0.694427,1.000000
7.600000,0.698701,1.000000
7.610000,0.714122,1.000000
7.620000,0.719330,1.000000
7.630000,0.733405,1.000000
7.640000,0.741453,1.000000
7.650000,0.754991,1.000000
7.660000,0.761960,1.000000
7.670000,0.781763,1.000000
7.680000,0.787434,1.000000
7.690000,0.805433,1.000000
7.700000,0.812468,1.000000
7.710000,0.829214,1.000000
7.720000,0.838731,1.000000
7.730000,0.855923,1.000000
7.740000,0.864077,1.000000
7.750000,0.886393,1.000000
7.760000,0.893006,1.000000
7.770000,0.914482,1.000000
7.780000,0.924518,1.000000
7.790000,0.942939,1.000000
7.800000,0.955315,1.000000
7.810000,0.976900,1.000000
7.820000,0.986153,1.000000
7.830000,1.000000,1.000000
7.840000,1.000000,1.000000
7.850000,1.000000,1.000000
7.860000,1.000000,1.000000
7.870000,1.000000,1.000000
7.880000,1.000000,1.000000
7.890000,1.000000,1.000000
7.900000,1.000000,1.000000
7.910000,1.000000,1.000000
7.920000,1.000000,1.000000
7.930000,1.000000,1.000000
7.940000,1.000000,1.000000
7.950000,1.000000,1.000000
7.960000,1.000000,1.000000
7.970000,1.000000,1.000000
7.980000,1.000000,1.000000
7.990000,1.000000,1.000000
8.000000,1.000000,1.000000
8.010000,1.000000,1.000000
8.020000,1.000000,1.000000
8.030000,1.000000,1.000000
8.040000,1.000000,1.000000
8.050000,1.000000,1.000000
8.060000,1.000000,1.000000
8.070000,1.000000,1.000000
8.080000,1.000000,1.000000
8.090000,1.000000,1.000000
8.100000,1.000000,1.000000
8.110000,1.000000,1.000000
8.120000,1.000000,1.000000
8.130000,1.000000,1.000000
8.140000,1.000000,1.000000
8.150000,1.000000,1.000000
8.160000,1.000000,1.000000
8.170000,0.000000,1.000000
8.180000,0.000000,1.000000
8.190000,0.000000,1.000000
8.200000,0.000000,1.000000
8.210000,0.000000,1.000000
8.220000,0.000000,1.000000
8.230000,0.000000,1.000000
8.240000,0.000000,1.000000
8.250000,0.000000,1.000000
8.260000,0.000000,1.000000
8.270000,0.000000,1.000000
8.280000,1.000000,1.000000
8.290000,1.000000,1.000000
8.300000,1.000000,1.000000
8.310000,1.000000,1.000000
8.320000,1.000000,1.000000
8.330000,1.000000,1.000000
8.340000,1.000000,1.000000
8.350000,1.000000,1.000000
8.360000,1.000000,1.000000
8.370000,1.000000,1.000000
8.380000,1.000000,1.000000
8.390000,1.000000,1.000000
8.400000,1.000000,1.000000
8.410000,1.000000,1.000000
8.420000,1.000000,1.000000
8.430000,1.000000,1.000000
8.440000,1.000000,1.000000
8.450000,1.000000,1.000000
8.460000,1.000000,1.000000
8.470000,1.000000,1.000000
8.480000,1.000000,1.000000
8.490000,1.000000,1.000000
8.500000,1.000000,1.000000
8.510000,1.000000,1.000000
8.520000,1.000000,1.000000
8.530000,1.000000,1.000000
8.540000,1.000000,1.000000
8.550000,1.000000,1.000000
8.560000,1.000000,1.000000
8.570000,1.000000,1.000000
8.580000,0.000000,1.000000
8.590000,1.000000,1.000000
8.600000,1.000000,1.000000
8.610000,1.000000,1.000000
8.620000,0.000000,1.000000
8.630000,1.000000,1.000000
8.640000,1.000000,1.000000
8.650000,1.000000,1.000000
8.660000,1.000000,1.000000
8.670000,1.000000,1.000000
8.680000,1.000000,1.000000
8.690000,1.000000,1.000000
8.700000,0.000000,1.000000
8.710000,1.000000,1.000000
8.720000,0.000000,1.000000
8.730000,1.000000,1.000000
8.740000,1.000000,1.000000
8.750000,1.000000,1.000000
8.760000,1.000000,1.000000
8.770000,1.000000,1.000000
8.780000,1.000000,1.000000
8.790000,1.000000,1.000000
8.800000,0.000000,1.000000
8.810000,1.000000,1.000000
8.820000,0.000000,1.000000
8.830000,1.000000,1.000000
8.840000,1.000000,1.000000
8.850000,1.000000,1.000000
8.860000,1.000000,1.000000
8.870000,1.000000,1.000000
8.880000,0.000000,1.000000
8.890000,1.000000,1.000000
8.900000,1.000000,1.000000
8.910000,0.000000,1.000000
8.920000,0.000000,1.000000
8.930000,0.000000,1.000000
8.940000,0.000000,1.000000
8.950000,0.000000,1.000000
8.960000,0.000000,1.000000
8.970000,0.000000,1.000000
8.980000,0.000000,1.000000
8.990000,0.000000,1.000000
9.000000,0.000000,1.000000
9.010000,0.000000,1.000000
9.020000,0.000000,1.000000
9.030000,0.000000,1.000000
9.040000,0.000000,1.000000
9.050000,0.000000,1.000000
9.060000,0.000000,1.000000
9.070000,0.000000,1.000000
9.080000,0.000000,1.000000
9.090000,0.000000,1.000000
9.100000,0.000000,1.000000
9.110000,0.000000,1.000000
9.120000,0.000000,1.000000
9.130000,0.661012,1.000000
9.140000,0.672851,1.000000
9.150000,0.714741,1.000000
9.160000,0.740092,1.000000
9.170000,0.752773,1.000000
9.180000,0.757017,1.000000
9.190000,0.753303,1.000000
9.200000,0.745248,1.000000
9.210000,0.732198,1.000000
9.220000,0.715705,1.000000
9.230000,0.695616,1.000000
9.240000,0.672304,1.000000
9.250000,0.645767,1.000000
9.260000,0.615980,1.000000
9.270000,0.582877,1.000000
9.280000,0.546776,1.000000
9.290000,0.505355,1.000000
9.300000,0.453606,1.000000
9.310000,0.431292,1.000000
9.320000,0.389931,1.000000
9.330000,0.370691,1.000000
9.340000,0.331863,1.000000
9.350000,0.315630,1.000000
9.360000,0.279493,1.000000
9.370000,0.266026,1.000000
9.380000,0.232496,1.000000
9.390000,0.221783,1.000000
9.400000,0.189851,1.000000
9.410000,0.183363,1.000000
9.420000,0.154284,1.000000
9.430000,0.150048,1.000000
9.440000,0.122705,1.000000
9.450000,0.121744,1.000000
9.460000,0.096950,1.000000
9.470000,0.097742,1.000000
9.480000,0.074256,1.000000
9.490000,0.077771,1.000000
9.500000,0.056593,1.000000
9.510000,0.061299,1.000000
9.520000,0.041175,1.000000
9.530000,0.047893,1.000000
9.540000,0.029685,1.000000
9.550000,0.037138,1.000000
9.560000,0.019699,1.000000
9.570000,0.028587,1.000000
9.580000,0.012716,1.000000
9.590000,0.021993,1.000000
9.600000,0.006691,1.000000
9.610000,0.016917,1.000000
9.620000,0.002848,1.000000
9.630000,0.013231,1.000000
9.640000,0.000000,1.000000
9.650000,0.010545,1.000000
9.660000,0.000000,1.000000
9.670000,0.008828,1.000000
9.680000,0.000000,1.000000
9.690000,0.008324,1.000000
9.700000,0.000000,1.000000
9.710000,0.008535,1.000000
9.720000,0.000000,1.000000
9.730000,0.009309,1.000000
9.740000,0.000000,1.000000
9.750000,0.010522,1.000000
9.760000,0.000862,1.000000
9.770000,0.012065,1.000000
9.780000,0.002772,1.000000
9.790000,0.013861,1.000000
9.800000,0.004906,1.000000
9.810000,0.015856,1.000000
9.820000,0.007207,1.000000
9.830000,0.018000,1.000000
9.840000,0.009629,1.000000
9.850000,0.020249,1.000000
9.860000,0.012133,1.000000
9.870000,0.022567,1.000000
9.880000,0.014687,1.000000
9.890000,0.024928,1.000000
9.900000,0.017266,1.000000
9.910000,0.027309,1.000000
9.920000,0.019850,1.000000
9.930000,0.029692,1.000000
9.940000,0.022422,1.000000
9.950000,0.032063,1.000000
9.960000,0.024972,1.000000
9.970000,0.034411,1.000000
9.980000,0.027489,1.000000
9.990000,0.036729,1.000000
10.000000,0.029966,1.000000
10.010000,0.039010,1.000000
10.020000,0.032399,1.000000
10.030000,0.041249,1.000000
10.040000,0.034784,1.000000
10.050000,0.043444,1.000000
10.060000,0.037116,1.000000
10.070000,0.045591,1.000000
10.080000,0.039396,1.000000
10.090000,0.047691,1.000000
10.100000,0.041623,1.000000
10.110000,0.049742,1.000000
10.120000,0.043796,1.000000
10.130000,0.051744,1.000000
10.140000,0.045917,1.000000
10.150000,0.053699,1.000000
10.160000,0.047986,1.000000
10.170000,0.055606,1.000000
10.180000,0.050004,1.000000
10.190000,0.057468,1.000000
10.200000,0.051973,1.000000
10.210000,0.059285,1.000000
10.220000,0.053893,1.000000
10.230000,0.061058,1.000000
10.240000,0.055768,1.000000
10.250000,0.062790,1.000000
10.260000,0.057598,1.000000
10.270000,0.064482,1.000000
10.280000,0.059386,1.000000
10.290000,0.066135,1.000000
10.300000,0.061132,1.000000
10.310000,0.067751,1.000000
10.320000,0.062839,1.000000
10.330000,0.069331,1.000000
10.340000,0.064508,1.000000
10.350000,0.070878,1.000000
10.360000,0.066141,1.000000
10.370000,0.072392,1.000000
10.380000,0.067740,1.000000
10.390000,0.073875,1.000000
10.400000,0.069305,1.000000
10.410000,0.075329,1.000000
10.420000,0.070840,1.000000
10.430000,0.076755,1.000000
10.440000,0.072345,1.000000
10.450000,0.078154,1.000000
10.460000,0.073822,1.000000
10.470000,0.079528,1.000000
10.480000,0.075271,1.000000
10.490000,0.080879,1.000000
10.500000,0.076696,1.000000
10.510000,0.082206,1.000000
10.520000,0.078096,1.000000
10.530000,0.083513,1.000000
10.540000,0.079473,1.000000
10.550000,0.084799,1.000000
10.560000,0.080829,1.000000
10.570000,0.086066,1.000000
10.580000,0.082165,1.000000
10.590000,0.087315,1.000000
10.600000,0.083481,1.000000
10.610000,0.088547,1.000000
10.620000,0.084779,1.000000
10.630000,0.089764,1.000000
10.640000,0.086060,1.000000
10.650000,0.090965,1.000000
10.660000,0.087325,1.000000
10.670000,0.092152,1.000000
10.680000,0.088575,1.000000
10.690000,0.093327,1.000000
10.700000,0.089811,1.000000
10.710000,0.094490,1.000000
10.720000,0.091034,1.000000
10.730000,0.095641,1.000000
10.740000,0.092245,1.000000
10.750000,0.096782,1.000000
10.760000,0.093444,1.000000
10.770000,0.097913,1.000000
10.780000,0.094633,1.000000
10.790000,0.099035,1.000000
10.800000,0.095812,1.000000
10.810000,0.100149,1.000000
10.820000,0.096982,1.000000
10.830000,0.101256,1.000000
10.840000,0.098144,1.000000
10.850000,0.102356,1.000000
10.860000,0.099298,1.000000
10.870000,0.103451,1.000000
10.880000,0.100446,1.000000
10.890000,0.104539,1.000000
10.900000,0.101587,1.000000
10.910000,0.105623,1.000000
10.920000,0.102723,1.000000
10.930000,0.106703,1.000000
10.940000,0.103855,1.000000
10.950000,0.107780,1.000000
10.960000,0.104982,1.000000
10.970000,0.108853,1.000000
10.980000,0.106105,1.000000
10.990000,0.109925,1.000000
11.000000,0.107226,1.000000
11.010000,0.110995,1.000000
11.020000,0.108344,1.000000
11.030000,0.112063,1.000000
11.040000,0.109461,1.000000
11.050000,0.113130,1.000000
11.060000,0.110577,1.000000
11.070000,0.114198,1.000000
11.080000,0.111691,1.000000
11.090000,0.115265,1.000000
11.100000,0.112806,1.000000
11.110000,0.116334,1.000000
11.120000,0.113921,1.000000
11.130000,0.117404,1.000000
11.140000,0.115036,1.000000
11.150000,0.118476,1.000000
11.160000,0.116154,1.000000
11.170000,0.119550,1.000000
11.180000,0.117273,1.000000
11.190000,0.120627,1.000000
11.200000,0.118394,1.000000
11.210000,0.121707,1.000000
11.220000,0.119518,1.000000
11.230000,0.122790,1.000000
11.240000,0.120646,1.000000
11.250000,0.123878,1.000000
11.260000,0.121777,1.000000
11.270000,0.124971,1.000000
11.280000,0.122912,1.000000
11.290000,0.126068,1.000000
11.300000,0.124052,1.000000
11.310000,0.127171,1.000000
11.320000,0.125198,1.000000
11.330000,0.128280,1.000000
11.340000,0.126349,1.000000
11.350000,0.129394,1.000000
11.360000,0.127506,1.000000
11.370000,0.130516,1.000000
11.380000,0.128669,1.000000
11.390000,0.131645,1.000000
11.400000,0.129840,1.000000
11.410000,0.132782,1.000000
11.420000,0.131018,1.000000
11.430000,0.133926,1.000000
11.440000,0.132204,1.000000
11.450000,0.135079,1.000000
11.460000,0.133397,1.000000
11.470000,0.136241,1.000000
11.480000,0.134600,1.000000
11.490000,0.137412,1.000000
11.500000,0.135812,1.000000
11.510000,0.138593,1.000000
11.520000,0.137034,1.000000
11.530000,0.139785,1.000000
11.540000,0.138265,1.000000
11.550000,0.140987,1.000000
11.560000,0.139507,1.000000
11.570000,0.142199,1.000000
11.580000,0.140760,1.000000
11.590000,0.143423,1.000000
11.600000,0.142024,1.000000
11.610000,0.144660,1.000000
11.620000,0.143300,1.000000
11.630000,0.145908,1.000000
11.640000,0.144589,1.000000
11.650000,0.147169,1.000000
11.660000,0.145890,1.000000
11.670000,0.148444,1.000000
11.680000,0.147205,1.000000
11.690000,0.149732,1.000000
11.700000,0.148533,1.000000
11.710000,0.151035,1.000000
11.720000,0.149876,1.000000
11.730000,0.152353,1.000000
11.740000,0.151233,1.000000
11.750000,0.153685,1.000000
11.760000,0.152606,1.000000
11.770000,0.155033,1.000000
11.780000,0.153994,1.000000
11.790000,0.156397,1.000000
11.800000,0.155398,1.000000
11.810000,0.157778,1.000000
11.820000,0.156819,1.000000
11.830000,0.159176,1.000000
11.840000,0.158257,1.000000
11.850000,0.160591,1.000000
11.860000,0.159712,1.000000
11.870000,0.162024,1.000000
11.880000,0.161186,1.000000
11.890000,0.163477,1.000000
11.900000,0.162679,1.000000
11.910000,0.164947,1.000000
11.920000,0.164191,1.000000
11.930000,0.166438,1.000000
11.940000,0.165722,1.000000
11.950000,0.167949,1.000000
11.960000,0.167274,1.000000
11.970000,0.169481,1.000000
11.980000,0.168847,1.000000
11.990000,0.171034,1.000000
12.000000,0.170442,1.000000
12.010000,0.172609,1.000000
12.020000,0.172059,1.000000
12.030000,0.174207,1.000000
12.040000,0.173698,1.000000
12.050000,0.175828,1.000000
12.060000,0.175361,1.000000
12.070000,0.177473,1.000000
12.080000,0.177049,1.000000
12.090000,0.179142,1.000000
12.100000,0.178761,1.000000
12.110000,0.180837,1.000000
12.120000,0.180499,1.000000
12.130000,0.182558,1.000000
12.140000,0.182263,1.000000
12.150000,0.184305,1.000000
12.160000,0.184054,1.000000
12.170000,0.186080,1.000000
12.180000,0.185873,1.000000
12.190000,0.187882,1.000000
12.200000,0.187721,1.000000
12.210000,0.189714,1.000000
12.220000,0.189598,1.000000
12.230000,0.191575,1.000000
12.240000,0.191505,1.000000
12.250000,0.193467,1.000000
12.260000,0.193443,1.000000
12.270000,0.195390,1.000000
12.280000,0.195412,1.000000
12.290000,0.197345,1.000000
12.300000,0.197415,1.000000
12.310000,0.199333,1.000000
12.320000,0.199451,1.000000
12.330000,0.201356,1.000000
12.340000,0.201521,1.000000
12.350000,0.203413,1.000000
12.360000,0.203628,1.000000
12.370000,0.205506,1.000000
12.380000,0.205770,1.000000
12.390000,0.207636,1.000000
12.400000,0.207950,1.000000
12.410000,0.209804,1.000000
12.420000,0.210169,1.000000
12.430000,0.212011,1.000000
12.440000,0.212427,1.000000
12.450000,0.214257,1.000000
12.460000,0.214726,1.000000
12.470000,0.216545,1.000000
12.480000,0.217067,1.000000
12.490000,0.218875,1.000000
12.500000,0.219451,1.000000
12.510000,0.221249,1.000000
12.520000,0.221879,1.000000
12.530000,0.223667,1.000000
12.540000,0.224353,1.000000
12.550000,0.226132,1.000000
12.560000,0.226875,1.000000
12.570000,0.228644,1.000000
12.580000,0.229444,1.000000
12.590000,0.231204,1.000000
12.600000,0.232062,1.000000
12.610000,0.233814,1.000000
12.620000,0.234732,1.000000
12.630000,0.236476,1.000000
12.640000,0.237454,1.000000
12.650000,0.239191,1.000000
12.660000,0.240231,1.000000
12.670000,0.241960,1.000000
12.680000,0.243063,1.000000
12.690000,0.244786,1.000000
12.700000,0.245952,1.000000
12.710000,0.247669,1.000000
12.720000,0.275876,1.000000
12.730000,0.250589,1.000000
12.740000,0.279841,1.000000
12.750000,0.253539,1.000000
12.760000,0.283877,1.000000
12.770000,0.285454,1.000000
12.780000,0.287978,1.000000
12.790000,0.289536,1.000000
12.800000,0.292141,1.000000
12.810000,0.293688,1.000000
12.820000,0.296378,1.000000
12.830000,0.297919,1.000000
12.840000,0.300701,1.000000
12.850000,0.302242,1.000000
12.860000,0.305121,1.000000
12.870000,0.306665,1.000000
12.880000,0.309645,1.000000
12.890000,0.311194,1.000000
12.900000,0.314278,1.000000
12.910000,0.315837,1.000000
12.920000,0.319030,1.000000
12.930000,0.320600,1.000000
12.940000,0.323907,1.000000
12.950000,0.325489,1.000000
12.960000,0.328912,1.000000
12.970000,0.330510,1.000000
12.980000,0.334053,1.000000
12.990000,0.335667,1.000000
13.000000,0.339336,1.000000
13.010000,0.340968,1.000000
13.020000,0.344766,1.000000
13.030000,0.346420,1.000000
13.040000,0.350350,1.000000
13.050000,0.352026,1.000000
13.060000,0.356094,1.000000
13.070000,0.357795,1.000000
13.080000,0.362006,1.000000
13.090000,0.363732,1.000000
13.100000,0.368091,1.000000
13.110000,0.369847,1.000000
13.120000,0.374357,1.000000
13.130000,0.376144,1.000000
13.140000,0.380814,1.000000
13.150000,0.382634,1.000000
13.160000,0.387467,1.000000
13.170000,0.389324,1.000000
13.180000,0.394326,1.000000
13.190000,0.396223,1.000000
13.200000,0.401400,1.000000
13.210000,0.403339,1.000000
13.220000,0.408699,1.000000
13.230000,0.410683,1.000000
13.240000,0.416239,1.000000
13.250000,0.418278,1.000000
13.260000,0.424036,1.000000
13.270000,0.426137,1.000000
13.280000,0.432107,1.000000
13.290000,0.434263,1.000000
13.300000,0.440463,1.000000
13.310000,0.442675,1.000000
13.320000,0.449106,1.000000
13.330000,0.451401,1.000000
13.340000,0.458061,1.000000
13.350000,0.460436,1.000000
13.360000,0.467356,1.000000
13.370000,0.469784,1.000000
13.380000,0.476986,1.000000
13.390000,0.479496,1.000000
13.400000,0.486949,1.000000
13.410000,0.489597,1.000000
13.420000,0.497310,1.000000
13.430000,0.500044,1.000000
13.440000,0.508108,1.000000
13.450000,0.510866,1.000000
13.460000,0.519269,1.000000
13.470000,0.522185,1.000000
13.480000,0.530812,1.000000
13.490000,0.533977,1.000000
13.500000,0.542929,1.000000
13.510000,0.546093,1.000000
13.520000,0.555603,1.000000
13.530000,0.558729,1.000000
13.540000,0.568557,1.000000
13.550000,0.572112,1.000000
13.560000,0.582006,1.000000
13.570000,0.585958,1.000000
13.580000,0.596465,1.000000
13.590000,0.599993,1.000000
13.600000,0.611457,1.000000
13.610000,0.615014,1.000000
13.620000,0.626385,1.000000
13.630000,0.631171,1.000000
13.640000,0.642232,1.000000
13.650000,0.647294,1.000000
13.660000,0.660339,1.000000
13.670000,0.663961,1.000000
13.680000,0.677944,1.000000
13.690000,0.682272,1.000000
13.700000,0.199284,0.000047
13.710000,0.074461,0.000047
13.720000,0.138843,0.000047
13.730000,0.196105,0.000029
13.740000,0.245266,0.004057
13.750000,0.268797,-0.020704
13.760000,0.314996,-0.016616
13.770000,0.335520,-0.041434
13.780000,0.383987,-0.037281
13.790000,0.401538,-0.062033
13.800000,0.455415,-0.057794
13.810000,0.470687,-0.082379
13.820000,0.532035,-0.078024
13.830000,0.545827,-0.102353
13.840000,0.616038,-0.097857
13.850000,0.629130,-0.121852
13.860000,0.709200,-0.117201
13.870000,0.722327,-0.140796
13.880000,0.813716,-0.135990
13.890000,0.827615,-0.159108
13.900000,0.937872,-0.154144
13.910000,0.954794,-0.175572
13.920000,1.000000,-0.169322
13.930000,1.000000,-0.189955
13.940000,1.000000,-0.183353
13.950000,1.000000,-0.192013
13.960000,1.000000,-0.173651
13.970000,1.000000,-0.181391
13.980000,1.000000,-0.162286
13.990000,1.000000,-0.169104
14.000000,1.000000,-0.149158
14.010000,1.000000,-0.155027
14.020000,1.000000,-0.134165
14.030000,1.000000,-0.139059
14.040000,1.000000,-0.117581
14.050000,1.000000,-0.121842
14.060000,1.000000,-0.103825
14.070000,1.000000,-0.111622
14.080000,1.000000,-0.092912
14.090000,1.000000,-0.100020
14.100000,1.000000,-0.080764
14.110000,1.000000,-0.087343
14.120000,1.000000,-0.068202
14.130000,1.000000,-0.074934
14.140000,1.000000,-0.056489
14.150000,1.000000,-0.063968
14.160000,1.000000,-0.045941
14.170000,1.000000,-0.053875
14.180000,1.000000,-0.036367
14.190000,1.000000,-0.044846
14.200000,1.000000,-0.027821
14.210000,1.000000,-0.036794
14.220000,1.000000,-0.020233
14.230000,1.000000,-0.029657
14.240000,1.000000,-0.013526
14.250000,1.000000,-0.023348
14.260000,1.000000,-0.007606
14.270000,1.000000,-0.017763
14.280000,1.000000,-0.002361
14.290000,1.000000,-0.012792
14.300000,1.000000,0.002321
14.310000,1.000000,-0.008341
14.320000,1.000000,0.006527
14.330000,1.000000,-0.004339
14.340000,1.000000,0.010317
14.350000,1.000000,-0.000740
14.360000,1.000000,0.013726
14.370000,1.000000,0.002482
14.380000,1.000000,0.016773
14.390000,1.000000,0.005342
14.400000,1.000000,0.019469
14.410000,1.000000,0.007853
14.420000,1.000000,0.021823
14.430000,1.000000,0.010024
14.440000,1.000000,0.023844
14.450000,1.000000,0.011869
14.460000,1.000000,0.025545
14.470000,1.000000,0.013399
14.480000,1.000000,0.026938
14.490000,1.000000,0.014628
14.500000,1.000000,0.028037
14.510000,1.000000,0.015571
14.520000,1.000000,0.028859
14.530000,1.000000,0.016248
14.540000,1.000000,0.029422
14.550000,1.000000,0.016674
14.560000,1.000000,0.029744
14.570000,1.000000,0.016872
14.580000,1.000000,0.029846
14.590000,1.000000,0.016858
14.600000,1.000000,0.029737
14.610000,1.000000,0.016653
14.620000,1.000000,0.029450
14.630000,1.000000,0.016285
14.640000,1.000000,0.029009
14.650000,1.000000,0.015777
14.660000,1.000000,0.028440
14.670000,1.000000,0.015154
14.680000,1.000000,0.027765
14.690000,1.000000,0.014439
14.700000,1.000000,0.027009
14.710000,1.000000,0.013656
14.720000,1.000000,0.026193
14.730000,1.000000,0.012827
14.740000,1.000000,0.025342
14.750000,1.000000,0.011977
14.760000,1.000000,0.024477
14.770000,1.000000,0.011126
14.780000,1.000000,0.023619
14.790000,1.000000,0.010294
14.800000,1.000000,0.022787
14.810000,1.000000,0.009500
14.820000,1.000000,0.022000
14.830000,1.000000,0.008762
14.840000,1.000000,0.021273
14.850000,1.000000,0.008095
14.860000,1.000000,0.020620
14.870000,1.000000,0.007512
14.880000,1.000000,0.020054
14.890000,1.000000,0.007026
14.900000,1.000000,0.019585
14.910000,1.000000,0.006645
14.920000,1.000000,0.019221
14.930000,1.000000,0.006378
14.940000,1.000000,0.018969
14.950000,1.000000,0.006233
14.960000,1.000000,0.018836
14.970000,1.000000,0.006216
14.980000,1.000000,0.018826
14.990000,1.000000,0.006334
15.000000,1.000000,0.018947
15.010000,1.000000,0.006597
15.020000,1.000000,0.019208
15.030000,1.000000,0.007018
15.040000,1.000000,0.019621
15.050000,1.000000,0.007616
15.060000,1.000000,0.020205
15.070000,1.000000,0.008417
15.080000,1.000000,0.020990
15.090000,1.000000,0.009465
15.100000,1.000000,0.022022
15.110000,1.000000,0.010828
15.120000,1.000000,0.023373
15.130000,1.000000,0.012610
15.140000,1.000000,0.025161
15.150000,1.000000,0.014983
15.160000,1.000000,0.027578
15.170000,1.000000,0.018244
15.180000,1.000000,0.030968
15.190000,1.000000,0.022926
15.200000,1.000000,0.035967
15.210000,1.000000,0.030088
15.220000,1.000000,0.043861
15.230000,1.000000,0.041948
15.240000,1.000000,0.057012
15.250000,1.000000,0.060831
15.260000,1.000000,0.052136
15.270000,1.000000,-0.919471
15.280000,1.000000,-1.000000
15.290000,1.000000,1.000000
15.300000,1.000000,1.000000
15.310000,1.000000,1.000000
15.320000,1.000000,1.000000
15.330000,1.000000,1.000000
15.340000,1.000000,1.000000
15.350000,1.000000,1.000000
15.360000,1.000000,1.000000
15.370000,1.000000,1.000000
15.380000,1.000000,1.000000
15.390000,1.000000,1.000000
15.400000,1.000000,1.000000
15.410000,1.000000,1.000000
15.420000,1.000000,1.000000
15.430000,1.000000,1.000000
15.440000,1.000000,1.000000
15.450000,1.000000,1.000000
15.460000,1.000000,1.000000
15.470000,1.000000,1.000000
15.480000,1.000000,1.000000
15.490000,1.000000,1.000000
15.500000,1.000000,1.000000
15.510000,1.000000,1.000000
15.520000,1.000000,1.000000
15.530000,1.000000,1.000000
15.540000,1.000000,1.000000
15.550000,1.000000,1.000000
15.560000,1.000000,1.000000
15.570000,1.000000,1.000000
15.580000,1.000000,1.000000
15.590000,0.598628,1.000000
15.600000,0.000000,1.000000
15.610000,0.000000,1.000000
15.620000,0.000000,1.000000
15.630000,0.000000,1.000000
15.640000,0.000000,1.000000
15.650000,0.000000,1.000000
15.660000,0.000000,1.000000
15.670000,0.000000,1.000000
15.680000,0.000000,1.000000
15.690000,0.000000,1.000000
15.700000,0.000000,1.000000
15.710000,0.000000,1.000000
15.720000,1.000000,1.000000
15.730000,1.000000,1.000000
15.740000,1.000000,1.000000
15.750000,1.000000,1.000000
15.760000,1.000000,1.000000
15.770000,1.000000,1.000000
15.780000,1.000000,1.000000
15.790000,1.000000,1.000000
15.800000,1.000000,1.000000
15.810000,1.000000,1.000000
15.820000,1.000000,1.000000
15.830000,1.000000,1.000000
15.840000,1.000000,1.000000
15.850000,1.000000,1.000000
15.860000,1.000000,1.000000
15.870000,1.000000,1.000000
15.880000,1.000000,1.000000
15.890000,1.000000,1.000000
15.900000,1.000000,1.000000
15.910000,1.000000,1.000000
15.920000,1.000000,1.000000
15.930000,1.000000,1.000000
15.940000,1.000000,1.000000
15.950000,1.000000,1.000000
15.960000,1.000000,1.000000
15.970000,1.000000,1.000000
15.980000,1.000000,1.000000
15.990000,1.000000,1.000000
16.000000,1.000000,1.000000
16.010000,1.000000,1.000000
16.020000,0.000000,1.000000
16.030000,1.000000,1.000000
16.040000,1.000000,1.000000
16.050000,1.000000,1.000000
16.060000,0.000000,1.000000
16.070000,1.000000,1.000000
16.080000,1.000000,1.000000
16.090000,1.000000,1.000000
16.100000,1.000000,1.000000
16.110000,1.000000,1.000000
16.120000,1.000000,1.000000
16.130000,1.000000,1.000000
16.140000,0.000000,1.000000
16.150000,0.000000,1.000000
16.160000,1.000000,1.000000
16.170000,1.000000,1.000000
16.180000,1.000000,1.000000
16.190000,1.000000,1.000000
16.200000,1.000000,1.000000
16.210000,1.000000,1.000000
16.220000,1.000000,1.000000
16.230000,1.000000,1.000000
16.240000,0.000000,1.000000
16.250000,0.000000,1.000000
16.260000,0.356854,1.000000
16.270000,0.000000,1.000000
16.280000,0.000000,1.000000
16.290000,0.000000,1.000000
16.300000,0.000000,1.000000
16.310000,0.000000,1.000000
16.320000,0.000000,1.000000
16.330000,0.000000,1.000000
16.340000,0.000000,1.000000
16.350000,0.000000,1.000000
16.360000,0.000000,1.000000
16.370000,0.000000,1.000000
16.380000,0.000000,1.000000
16.390000,0.000000,1.000000
16.400000,0.000000,1.000000
16.410000,0.000000,1.000000
16.420000,0.000000,1.000000
16.430000,0.000000,1.000000
16.440000,0.000000,1.000000
16.450000,0.000000,1.000000
16.460000,0.000000,1.000000
16.470000,0.000000,1.000000
16.480000,0.000000,1.000000
16.490000,0.000000,1.000000
16.500000,0.000000,1.000000
16.510000,0.000000,1.000000
16.520000,0.000000,1.000000
16.530000,0.298478,1.000000
16.540000,0.285447,1.000000
16.550000,0.293019,1.000000
16.560000,0.273140,1.000000
16.570000,0.274911,1.000000
16.580000,0.252225,1.000000
16.590000,0.250567,1.000000
16.600000,0.226180,1.000000
16.610000,0.223716,1.000000
16.620000,0.199459,1.000000
16.630000,0.196716,1.000000
16.640000,0.172268,1.000000
16.650000,0.170629,1.000000
16.660000,0.147359,1.000000
16.670000,0.146378,1.000000
16.680000,0.123305,1.000000
16.690000,0.123888,1.000000
16.700000,0.102254,1.000000
16.710000,0.103707,1.000000
16.720000,0.083413,1.000000
16.730000,0.199284,0.000047
16.740000,0.018918,0.000043
16.750000,0.035315,0.000047
16.760000,0.049905,0.000047
16.770000,0.063255,0.000047
16.780000,0.075822,0.000047
16.790000,0.087977,0.000047
16.800000,0.100024,0.000047
16.810000,0.112742,0.000027
16.820000,0.133680,0.004632
16.830000,0.132207,-0.020364
16.840000,0.157161,-0.015778
16.850000,0.154318,-0.040739
16.860000,0.185434,-0.036108
16.870000,0.180038,-0.060956
16.880000,0.218901,-0.056215
16.890000,0.210631,-0.080874
16.900000,0.258309,-0.075963
16.910000,0.247360,-0.100359
16.920000,0.304477,-0.095222
16.930000,0.291322,-0.119281
16.940000,0.358234,-0.113866
16.950000,0.343468,-0.137517
16.960000,0.420340,-0.131781
16.970000,0.404577,-0.154957
16.980000,0.491458,-0.148863
16.990000,0.475287,-0.171502
17.000000,0.572188,-0.165025
17.010000,0.556154,-0.187074
17.020000,0.664470,-0.180205
17.030000,0.649204,-0.201580
17.040000,0.647582,-0.194290
17.050000,0.715553,-0.192940
17.060000,0.705867,-0.189671
17.070000,0.801620,-0.184603
17.080000,0.812271,-0.207241
17.090000,0.921115,-0.201861
17.100000,0.932058,-0.223823
17.110000,1.000000,-0.218153
17.120000,1.000000,-0.234797
17.130000,1.000000,-0.224219
17.140000,1.000000,-0.240019
17.150000,1.000000,-0.228947
17.160000,1.000000,-0.243970
17.170000,1.000000,-0.232364
17.180000,1.000000,-0.246631
17.190000,1.000000,-0.234426
17.200000,1.000000,-0.247667
17.210000,1.000000,-0.234517
17.220000,1.000000,-0.243329
17.230000,1.000000,-0.225645
17.240000,1.000000,-0.233474
17.250000,1.000000,-0.214774
17.260000,1.000000,-0.221540
17.270000,1.000000,-0.202088
17.280000,1.000000,-0.207984
17.290000,1.000000,-0.192552
17.300000,1.000000,-0.176704
17.310000,1.000000,-0.186462
17.320000,1.000000,-0.169799
17.330000,1.000000,-0.178671
17.340000,1.000000,-0.161078
17.350000,1.000000,-0.168911
17.360000,1.000000,-0.150354
17.370000,1.000000,-0.157106
17.380000,1.000000,-0.138231
17.390000,1.000000,-0.144398
17.400000,1.000000,-0.127793
17.410000,1.000000,-0.125925
17.420000,1.000000,-0.119968
17.430000,1.000000,-0.114456
17.440000,1.000000,-0.129716
17.450000,1.000000,-0.118670
17.460000,1.000000,-0.133587
17.470000,1.000000,-0.122170
17.480000,1.000000,-0.136655
17.490000,1.000000,-0.124773
17.500000,1.000000,-0.138701
17.510000,1.000000,-0.126228
17.520000,1.000000,-0.139447
17.530000,1.000000,-0.126225
17.540000,1.000000,-0.138576
17.550000,1.000000,-0.124442
17.560000,1.000000,-0.135797
17.570000,1.000000,-0.120623
17.580000,1.000000,-0.130911
17.590000,1.000000,-0.114638
17.600000,1.000000,-0.123846
17.610000,1.000000,-0.106489
17.620000,1.000000,-0.114660
17.630000,1.000000,-0.096346
17.640000,1.000000,-0.103610
17.650000,1.000000,-0.084648
17.660000,1.000000,-0.091297
17.670000,1.000000,-0.072259
17.680000,1.000000,-0.078817
17.690000,1.000000,-0.060286
17.700000,1.000000,-0.067258
17.710000,1.000000,-0.049348
17.720000,1.000000,-0.056832
17.730000,1.000000,-0.039455
17.740000,1.000000,-0.047411
17.750000,1.000000,-0.030496
17.760000,1.000000,-0.038907
17.770000,1.000000,-0.022408
17.780000,1.000000,-0.031254
17.790000,1.000000,-0.015138
17.800000,1.000000,-0.024408
17.810000,1.000000,-0.008662
17.820000,1.000000,-0.018339
17.830000,1.000000,-0.002942
17.840000,1.000000,-0.013003
17.850000,1.000000,0.002065
17.860000,1.000000,-0.008357
17.870000,1.000000,0.006403
17.880000,1.000000,-0.004355
17.890000,1.000000,0.010116
17.900000,1.000000,-0.000951
17.910000,1.000000,0.013253
17.920000,1.000000,0.001905
17.930000,1.000000,0.015862
17.940000,1.000000,0.004259
17.950000,1.000000,0.017991
17.960000,1.000000,0.006162
17.970000,1.000000,0.019690
17.980000,1.000000,0.007663
17.990000,1.000000,0.021006
18.000000,1.000000,0.008810
18.010000,1.000000,0.021989
18.020000,1.000000,0.009653
18.030000,1.000000,0.022687
18.040000,1.000000,0.010237
18.050000,1.000000,0.023146
18.060000,1.000000,0.010612
18.070000,1.000000,0.023413
18.080000,1.000000,0.010820
18.090000,1.000000,0.023530
18.100000,1.000000,0.010908
18.110000,1.000000,0.023542
18.120000,1.000000,0.010918
18.130000,1.000000,0.023490
18.140000,1.000000,0.010890
18.150000,1.000000,0.023413
18.160000,1.000000,0.010867
18.170000,1.000000,0.023351
18.180000,1.000000,0.010887
18.190000,1.000000,0.023341
18.200000,1.000000,0.010989
18.210000,1.000000,0.023421
18.220000,1.000000,0.011215
18.230000,1.000000,0.023631
18.240000,1.000000,0.011612
18.250000,1.000000,0.024018
18.260000,1.000000,0.012232
18.270000,1.000000,0.024634
18.280000,1.000000,0.013146
18.290000,1.000000,0.025552
18.300000,1.000000,0.014448
18.310000,1.000000,0.026874
18.320000,1.000000,0.016281
18.330000,1.000000,0.028756
18.340000,1.000000,0.018870
18.350000,1.000000,0.031456
18.360000,1.000000,0.022608
18.370000,1.000000,0.035432
18.380000,1.000000,0.028223
18.390000,1.000000,0.041566
18.400000,1.000000,0.037194
18.410000,1.000000,0.051638
18.420000,1.000000,0.052536
18.430000,1.000000,0.066841
18.440000,1.000000,0.060991
18.450000,1.000000,-0.323831
18.460000,1.000000,-1.000000
18.470000,1.000000,1.000000
18.480000,1.000000,1.000000
18.490000,1.000000,1.000000
18.500000,1.000000,1.000000
18.510000,1.000000,1.000000
18.520000,1.000000,1.000000
18.530000,1.000000,1.000000
18.540000,1.000000,1.000000
18.550000,1.000000,1.000000
18.560000,1.000000,1.000000
18.570000,1.000000,1.000000
18.580000,1.000000,1.000000
18.590000,1.000000,1.000000
18.600000,1.000000,1.000000
18.610000,1.000000,1.000000
18.620000,1.000000,1.000000
18.630000,1.000000,1.000000
18.640000,1.000000,1.000000
18.650000,1.000000,1.000000
18.660000,1.000000,1.000000
18.670000,1.000000,1.000000
18.680000,1.000000,1.000000
18.690000,1.000000,1.000000
18.700000,1.000000,1.000000
18.710000,1.000000,1.000000
18.720000,1.000000,1.000000
18.730000,1.000000,1.000000
18.740000,1.000000,1.000000
18.750000,1.000000,1.000000
18.760000,0.964443,1.000000
18.770000,0.000000,1.000000
18.780000,0.000000,1.000000
18.790000,0.000000,1.000000
18.800000,0.000000,1.000000
18.810000,0.000000,1.000000
18.820000,0.000000,1.000000
18.830000,0.000000,1.000000
18.840000,0.000000,1.000000
18.850000,0.000000,1.000000
18.860000,0.000000,1.000000
18.870000,0.000000,1.000000
18.880000,0.000000,1.000000
18.890000,1.000000,1.000000
18.900000,1.000000,1.000000
18.910000,1.000000,1.000000
18.920000,1.000000,1.000000
18.930000,0.199284,0.000047
18.940000,0.199284,0.000047
18.950000,0.199284,0.000047
18.960000,0.199284,0.000047
18.970000,0.002031,0.000043
18.980000,0.010001,0.000043
18.990000,0.021394,0.000047
19.000000,0.034649,0.000047
19.010000,0.048841,0.000047
19.020000,0.063460,0.000047
19.030000,0.078270,0.000047
19.040000,0.093206,0.000047
19.050000,0.108308,0.000047
19.060000,0.124125,0.000028
19.070000,0.146926,0.004596
19.080000,0.148239,-0.020396
19.090000,0.174881,-0.015848
19.100000,0.174877,-0.040804
19.110000,0.207457,-0.036212
19.120000,0.205002,-0.061055
19.130000,0.245106,-0.056355
19.140000,0.239916,-0.081008
19.150000,0.288631,-0.076143
19.160000,0.280910,-0.100530
19.170000,0.338987,-0.095444
19.180000,0.329202,-0.119490
19.190000,0.397100,-0.114135
19.200000,0.385843,-0.137769
19.210000,0.463813,-0.132102
19.220000,0.451708,-0.155258
19.230000,0.539862,-0.149246
19.240000,0.527519,-0.171863
19.250000,0.626018,-0.165490
19.260000,0.614019,-0.187512
19.270000,0.727304,-0.180772
19.280000,0.716614,-0.202004
19.290000,0.717785,-0.194762
19.300000,0.815575,-0.189983
19.310000,0.824308,-0.212918
19.320000,0.939842,-0.207835
19.330000,0.949382,-0.229924
19.340000,1.000000,-0.224404
19.350000,1.000000,-0.224939
19.360000,1.000000,-0.197814
19.370000,1.000000,-0.196906
19.380000,1.000000,-0.179709
19.390000,1.000000,-0.188597
19.400000,1.000000,-0.170728
19.410000,1.000000,-0.178761
19.420000,1.000000,-0.160162
19.430000,1.000000,-0.167346
19.440000,1.000000,-0.147957
19.450000,1.000000,-0.154284
19.460000,1.000000,-0.134043
19.470000,1.000000,-0.139487
19.480000,1.000000,-0.118338
19.490000,1.000000,-0.122869
19.500000,1.000000,-0.100838
19.510000,1.000000,-0.104504
19.520000,1.000000,-0.082187
19.530000,1.000000,-0.085606
19.540000,1.000000,-0.065187
19.550000,1.000000,-0.070585
19.560000,1.000000,-0.049771
19.570000,1.000000,-0.054813
19.580000,1.000000,-0.034358
19.590000,1.000000,-0.039814
19.600000,1.000000,-0.019972
19.610000,1.000000,-0.026099
19.620000,1.000000,-0.006777
19.630000,1.000000,-0.013477
19.640000,1.000000,0.005311
19.650000,1.000000,-0.001975
19.660000,1.000000,0.016288
19.670000,1.000000,0.008430
19.680000,1.000000,0.026179
19.690000,1.000000,0.017763
19.700000,1.000000,0.035010
19.710000,1.000000,0.026049
19.720000,1.000000,0.042806
19.730000,1.000000,0.033319
19.740000,1.000000,0.049601
19.750000,1.000000,0.039603
19.760000,1.000000,0.055423
19.770000,1.000000,0.044932
19.780000,1.000000,0.060306
19.790000,1.000000,0.049338
19.800000,1.000000,0.064281
19.810000,1.000000,0.052853
19.820000,1.000000,0.067377
19.830000,1.000000,0.055505
19.840000,1.000000,0.069626
19.850000,1.000000,0.057324
19.860000,1.000000,0.071053
19.870000,1.000000,0.058336
19.880000,1.000000,0.071685
19.890000,1.000000,0.058566
19.900000,1.000000,0.071547
19.910000,1.000000,0.058039
19.920000,1.000000,0.070660
19.930000,1.000000,0.056775
19.940000,1.000000,0.069048
19.950000,1.000000,0.054799
19.960000,1.000000,0.066733
19.970000,1.000000,0.052133
19.980000,1.000000,0.063741
19.990000,1.000000,0.048807
20.000000,1.000000,0.060102
20.010000,1.000000,0.044852
20.020000,1.000000,0.055852
20.030000,1.000000,0.040308
20.040000,1.000000,0.051024
20.050000,1.000000,0.035222
20.060000,1.000000,0.045694
20.070000,1.000000,0.029683
20.080000,1.000000,0.039951
20.090000,1.000000,0.023787
20.100000,1.000000,0.033902
20.110000,1.000000,0.017649
20.120000,1.000000,0.027677
20.130000,1.000000,0.011415
20.140000,1.000000,0.021431
20.150000,1.000000,0.005247
20.160000,1.000000,0.015336
20.170000,1.000000,-0.000680
20.180000,1.000000,0.009570
20.190000,1.000000,-0.006191
20.200000,1.000000,0.004301
20.210000,1.000000,-0.011134
20.220000,1.000000,-0.000331
20.230000,1.000000,-0.015384
20.240000,1.000000,-0.004222
20.250000,1.000000,-0.018858
20.260000,1.000000,-0.007311
20.270000,1.000000,-0.021515
20.280000,1.000000,-0.009577
20.290000,1.000000,-0.023351
20.300000,1.000000,-0.011035
20.310000,1.000000,-0.024397
20.320000,1.000000,-0.011730
20.330000,1.000000,-0.024708
20.340000,1.000000,-0.011730
20.350000,1.000000,-0.024361
20.360000,1.000000,-0.011122
20.370000,1.000000,-0.023448
20.380000,1.000000,-0.010007
20.390000,1.000000,-0.022075
20.400000,1.000000,-0.008493
20.410000,1.000000,-0.020355
20.420000,1.000000,-0.006699
20.430000,1.000000,-0.018403
20.440000,1.000000,-0.004741
20.450000,1.000000,-0.016337
20.460000,1.000000,-0.002735
20.470000,1.000000,-0.014266
20.480000,1.000000,-0.000787
20.490000,1.000000,-0.012288
20.500000,1.000000,0.001009
20.510000,1.000000,-0.010486
20.520000,1.000000,0.002577
20.530000,1.000000,-0.008923
20.540000,1.000000,0.003857
20.550000,1.000000,-0.007641
20.560000,1.000000,0.004809
20.570000,1.000000,-0.006662
20.580000,1.000000,0.005408
20.590000,1.000000,-0.005990
20.600000,1.000000,0.005635
20.610000,1.000000,-0.005615
20.620000,1.000000,0.005467
20.630000,1.000000,-0.005521
20.640000,1.000000,0.004852
20.650000,1.000000,-0.005694
20.660000,1.000000,0.003651
20.670000,1.000000,-0.006137
20.680000,1.000000,0.001484
20.690000,1.000000,-0.006837
20.700000,1.000000,-0.002590
20.710000,1.000000,-0.005427
20.720000,1.000000,0.076198
20.730000,1.000000,1.000000
20.740000,1.000000,-1.000000
20.750000,1.000000,-1.000000
20.760000,1.000000,-1.000000
20.770000,1.000000,-1.000000
20.780000,1.000000,-1.000000
20.790000,1.000000,-1.000000
20.800000,1.000000,-1.000000
20.810000,1.000000,-1.000000
20.820000,1.000000,-1.000000
20.830000,1.000000,-1.000000
20.840000,1.000000,-1.000000
20.850000,1.000000,-1.000000
20.860000,1.000000,-1.000000
20.870000,1.000000,-1.000000
20.880000,1.000000,-1.000000
20.890000,1.000000,-1.000000
20.900000,1.000000,-1.000000
20.910000,1.000000,-1.000000
20.920000,1.000000,-1.000000
20.930000,1.000000,-1.000000
20.940000,1.000000,-1.000000
20.950000,1.000000,-1.000000
20.960000,1.000000,-1.000000
20.970000,1.000000,-1.000000
20.980000,1.000000,-1.000000
20.990000,1.000000,-1.000000
21.000000,1.000000,-1.000000
21.010000,1.000000,-1.000000
21.020000,1.000000,-1.000000
21.030000,1.000000,-1.000000
21.040000,1.000000,-1.000000
21.050000,1.000000,-1.000000
21.060000,1.000000,-1.000000
21.070000,0.000000,-1.000000
21.080000,0.000000,-1.000000
21.090000,0.000000,-1.000000
21.100000,0.000000,-1.000000
21.110000,0.000000,-1.000000
21.120000,0.000000,-1.000000
21.130000,0.000000,-1.000000
21.140000,0.000000,-1.000000
21.150000,0.000000,-1.000000
21.160000,0.000000,-1.000000
21.170000,0.000000,-1.000000
21.180000,0.000000,-1.000000
21.190000,0.000000,-1.000000
21.200000,0.000000,-1.000000
21.210000,0.000000,-1.000000
21.220000,0.000000,-1.000000
21.230000,0.000000,-1.000000
21.240000,0.000000,-1.000000
21.250000,0.000000,-1.000000
21.260000,0.000000,-1.000000
21.270000,0.000000,-1.000000
21.280000,0.000000,-1.000000
21.290000,0.000000,-1.000000
21.300000,0.000000,-1.000000
21.310000,0.000000,-1.000000
21.320000,0.000000,-1.000000
21.330000,0.000000,-1.000000
21.340000,0.000000,-1.000000
21.350000,0.000000,-1.000000
21.360000,0.000000,-1.000000
21.370000,0.000000,-1.000000
21.380000,0.000000,-1.000000
21.390000,0.000000,-1.000000
21.400000,0.000000,-1.000000
21.410000,0.000000,-1.000000
21.420000,0.000000,-1.000000
21.430000,0.000000,-1.000000
21.440000,0.000000,-1.000000
21.450000,0.000000,-1.000000
21.460000,0.000000,-1.000000
21.470000,0.000000,-1.000000
21.480000,0.000000,-1.000000
21.490000,0.000000,-1.000000
21.500000,0.000000,-1.000000
21.510000,0.000000,-1.000000
21.520000,0.000000,-1.000000
21.530000,0.000000,-1.000000
21.540000,0.000000,-1.000000
21.550000,0.000000,-1.000000
21.560000,0.000000,-1.000000
21.570000,0.000000,-1.000000
21.580000,0.000000,-1.000000
21.590000,0.000000,-1.000000
21.600000,0.000000,-1.000000
21.610000,0.000000,-1.000000
21.620000,0.000000,-1.000000
21.630000,0.000000,-1.000000
21.640000,0.000000,-1.000000
21.650000,0.000000,-1.000000
21.660000,0.000000,-1.000000
21.670000,0.000000,-1.000000
21.680000,0.000000,-1.000000
21.690000,0.000000,-1.000000
21.700000,0.000000,-1.000000
21.710000,0.000000,-1.000000
21.720000,0.000000,-1.000000
21.730000,0.000000,-1.000000
21.740000,0.000000,-1.000000
21.750000,0.000000,-1.000000
21.760000,0.000000,-1.000000
21.770000,0.000000,-1.000000
21.780000,0.000000,-1.000000
21.790000,0.000000,-1.000000
21.800000,0.000000,-1.000000
21.810000,0.000000,-1.000000
21.820000,0.000000,-1.000000
21.830000,0.000000,-1.000000
21.840000,0.000000,-1.000000
21.850000,0.000000,-1.000000
21.860000,0.000000,-1.000000
21.870000,0.000000,-1.000000
21.880000,0.000000,-1.000000
21.890000,0.000000,-1.000000
21.900000,0.000000,-1.000000
21.910000,0.001819,-1.000000
21.920000,0.000580,-1.000000
21.930000,0.005776,-1.000000
21.940000,0.004503,-1.000000
21.950000,0.009654,-1.000000
21.960000,0.008459,-1.000000
21.970000,0.013358,-1.000000
21.980000,0.012135,-1.000000
21.990000,0.017009,-1.000000
22.000000,0.015870,-1.000000
22.010000,0.020538,-1.000000
22.020000,0.019395,-1.000000
22.030000,0.024023,-1.000000
22.040000,0.022957,-1.000000
22.050000,0.027378,-1.000000
22.060000,0.026297,-1.000000
22.070000,0.030699,-1.000000
22.080000,0.029703,-1.000000
22.090000,0.033912,-1.000000
22.100000,0.032908,-1.000000
22.110000,0.037098,-1.000000
22.120000,0.036180,-1.000000
22.130000,0.040179,-1.000000
22.140000,0.039246,-1.000000
22.150000,0.043235,-1.000000
22.160000,0.042390,-1.000000
22.170000,0.046215,-1.000000
22.180000,0.045372,-1.000000
22.190000,0.049181,-1.000000
22.200000,0.048425,-1.000000
22.210000,0.052050,-1.000000
22.220000,0.051272,-1.000000
22.230000,0.054899,-1.000000
22.240000,0.054210,-1.000000
22.250000,0.057715,-1.000000
22.260000,0.057053,-1.000000
22.270000,0.060514,-1.000000
22.280000,0.059919,-1.000000
22.290000,0.063246,-1.000000
22.300000,0.062653,-1.000000
22.310000,0.065975,-1.000000
22.320000,0.065473,-1.000000
22.330000,0.068647,-1.000000
22.340000,0.068135,-1.000000
22.350000,0.071312,-1.000000
22.360000,0.070892,-1.000000
22.370000,0.073951,-1.000000
22.380000,0.073545,-1.000000
22.390000,0.076596,-1.000000
22.400000,0.076284,-1.000000
22.410000,0.079181,-1.000000
22.420000,0.078838,-1.000000
22.430000,0.081749,-1.000000
22.440000,0.081501,-1.000000
22.450000,0.084346,-1.000000
22.460000,0.084159,-1.000000
22.470000,0.086920,-1.000000
22.480000,0.086758,-1.000000
22.490000,0.089506,-1.000000
22.500000,0.089434,-1.000000
22.510000,0.092051,-1.000000
22.520000,0.091952,-1.000000
22.530000,0.094581,-1.000000
22.540000,0.094581,-1.000000
22.550000,0.097151,-1.000000
22.560000,0.097211,-1.000000
22.570000,0.099714,-1.000000
22.580000,0.099807,-1.000000
22.590000,0.102290,-1.000000
22.600000,0.102468,-1.000000
22.610000,0.104852,-1.000000
22.620000,0.105021,-1.000000
22.630000,0.107409,-1.000000
22.640000,0.107681,-1.000000
22.650000,0.109998,-1.000000
22.660000,0.110302,-1.000000
22.670000,0.112605,-1.000000
22.680000,0.113004,-1.000000
22.690000,0.115210,-1.000000
22.700000,0.115590,-1.000000
22.710000,0.117799,-1.000000
22.720000,0.118287,-1.000000
22.730000,0.120450,-1.000000
22.740000,0.120997,-1.000000
22.750000,0.123117,-1.000000
22.760000,0.123719,-1.000000
22.770000,0.125805,-1.000000
22.780000,0.126473,-1.000000
22.790000,0.128515,-1.000000
22.800000,0.129231,-1.000000
22.810000,0.131249,-1.000000
22.820000,0.132048,-1.000000
22.830000,0.134010,-1.000000
22.840000,0.134830,-1.000000
22.850000,0.136785,-1.000000
22.860000,0.137722,-1.000000
22.870000,0.139608,-1.000000
22.880000,0.140534,-1.000000
22.890000,0.142412,-1.000000
22.900000,0.143457,-1.000000
22.910000,0.145304,-1.000000
22.920000,0.146412,-1.000000
22.930000,0.148232,-1.000000
22.940000,0.149416,-1.000000
22.950000,0.151201,-1.000000
22.960000,0.152437,-1.000000
22.970000,0.154203,-1.000000
22.980000,0.155543,-1.000000
22.990000,0.157263,-1.000000
23.000000,0.158614,-1.000000
23.010000,0.160319,-1.000000
23.020000,0.161801,-1.000000
23.030000,0.163474,-1.000000
23.040000,0.164987,-1.000000
23.050000,0.166646,-1.000000
23.060000,0.168294,-1.000000
23.070000,0.169914,-1.000000
23.080000,0.199284,0.000047
23.090000,0.021772,0.000047
23.100000,0.040626,0.000047
23.110000,0.057389,0.000047
23.120000,0.072721,0.000047
23.130000,0.087149,0.000047
23.140000,0.101100,0.000047
23.150000,0.115418,0.000027
23.160000,0.137367,0.004610
23.170000,0.136847,-0.020389
23.180000,0.162507,-0.015824
23.190000,0.160585,-0.040789
23.200000,0.192228,-0.036177
23.210000,0.187756,-0.061031
23.220000,0.227030,-0.056310
23.230000,0.219714,-0.080974
23.240000,0.267720,-0.076084
23.250000,0.257762,-0.100484
23.260000,0.315178,-0.095369
23.270000,0.303053,-0.119431
23.280000,0.370274,-0.114041
23.290000,0.356575,-0.137693
23.300000,0.433797,-0.131983
23.310000,0.419142,-0.155160
23.320000,0.506435,-0.149096
23.330000,0.491419,-0.171734
23.340000,0.588827,-0.165293
23.350000,0.574009,-0.187340
23.360000,0.683669,-0.180515
23.370000,0.669760,-0.201863
23.380000,0.664527,-0.194603
23.390000,0.764021,-0.190815
23.400000,0.768418,-0.214832
23.410000,0.825492,-0.210651
23.420000,0.842765,-0.212087
23.430000,0.930480,-0.185360
23.440000,0.953109,-0.185638
23.450000,1.000000,-0.157982
23.460000,1.000000,-0.157010
23.470000,1.000000,-0.145289
23.480000,1.000000,-0.160106
23.490000,1.000000,-0.148071
23.500000,1.000000,-0.162298
23.510000,1.000000,-0.149897
23.520000,1.000000,-0.163563
23.530000,1.000000,-0.150754
23.540000,1.000000,-0.163879
23.550000,1.000000,-0.150624
23.560000,1.000000,-0.163218
23.570000,1.000000,-0.149486
23.580000,1.000000,-0.161549
23.590000,1.000000,-0.147311
23.600000,1.000000,-0.158839
23.610000,1.000000,-0.144065
23.620000,1.000000,-0.155047
23.630000,1.000000,-0.139709
23.640000,1.000000,-0.150127
23.650000,1.000000,-0.134194
23.660000,1.000000,-0.144025
23.670000,1.000000,-0.127464
23.680000,1.000000,-0.136683
23.690000,1.000000,-0.119465
23.700000,1.000000,-0.128044
23.710000,1.000000,-0.110156
23.720000,1.000000,-0.118083
23.730000,1.000000,-0.099572
23.740000,1.000000,-0.106898
23.750000,1.000000,-0.087984
23.760000,1.000000,-0.094930
23.770000,1.000000,-0.076151
23.780000,1.000000,-0.083254
23.790000,1.000000,-0.065083
23.800000,1.000000,-0.072786
23.810000,1.000000,-0.055176
23.820000,1.000000,-0.063386
23.830000,1.000000,-0.046286
23.840000,1.000000,-0.054905
23.850000,1.000000,-0.038247
23.860000,1.000000,-0.047176
23.870000,1.000000,-0.030887
23.880000,1.000000,-0.040063
23.890000,1.000000,-0.024077
23.900000,1.000000,-0.033484
23.910000,1.000000,-0.017753
23.920000,1.000000,-0.027403
23.930000,1.000000,-0.011900
23.940000,1.000000,-0.021802
23.950000,1.000000,-0.006515
23.960000,1.000000,-0.016673
23.970000,1.000000,-0.001596
23.980000,1.000000,-0.012012
23.990000,1.000000,0.002860
24.000000,1.000000,-0.007811
24.010000,1.000000,0.006859
24.020000,1.000000,-0.004062
24.030000,1.000000,0.010411
24.040000,1.000000,-0.000752
24.050000,1.000000,0.013531
24.060000,1.000000,0.002134
24.070000,1.000000,0.016233
24.080000,1.000000,0.004614
24.090000,1.000000,0.018537
24.100000,1.000000,0.006707
24.110000,1.000000,0.020462
24.120000,1.000000,0.008433
24.130000,1.000000,0.022025
24.140000,1.000000,0.009816
24.150000,1.000000,0.023256
24.160000,1.000000,0.010883
24.170000,1.000000,0.024184
24.180000,1.000000,0.011663
24.190000,1.000000,0.024835
24.200000,1.000000,0.012183
24.210000,1.000000,0.025239
24.220000,1.000000,0.012472
24.230000,1.000000,0.025423
24.240000,1.000000,0.012559
24.250000,1.000000,0.025418
24.260000,1.000000,0.012472
24.270000,1.000000,0.025253
24.280000,1.000000,0.012244
24.290000,1.000000,0.024955
24.300000,1.000000,0.011900
24.310000,1.000000,0.024556
24.320000,1.000000,0.011471
24.330000,1.000000,0.024081
24.340000,1.000000,0.010984
24.350000,1.000000,0.023558
24.360000,1.000000,0.010466
24.370000,1.000000,0.023013
24.380000,1.000000,0.009941
24.390000,1.000000,0.022471
24.400000,1.000000,0.009434
24.410000,1.000000,0.021953
24.420000,1.000000,0.008968
24.430000,1.000000,0.021481
24.440000,1.000000,0.008562
24.450000,1.000000,0.021074
24.460000,1.000000,0.008236
24.470000,1.000000,0.020750
24.480000,1.000000,0.008007
24.490000,1.000000,0.020524
24.500000,1.000000,0.007894
24.510000,1.000000,0.020414
24.520000,1.000000,0.007912
24.530000,1.000000,0.020434
24.540000,1.000000,0.008079
24.550000,1.000000,0.020602
24.560000,1.000000,0.008418
24.570000,1.000000,0.020937
24.580000,1.000000,0.008955
24.590000,1.000000,0.021469
24.600000,1.000000,0.009727
24.610000,1.000000,0.022234
24.620000,1.000000,0.010787
24.630000,1.000000,0.023290
24.640000,1.000000,0.012217
24.650000,1.000000,0.024725
24.660000,1.000000,0.014145
24.670000,1.000000,0.026682
24.680000,1.000000,0.016783
24.690000,1.000000,0.029402
24.700000,1.000000,0.020500
24.710000,1.000000,0.033319
24.720000,1.000000,0.025991
24.730000,1.000000,0.039268
24.740000,1.000000,0.034665
24.750000,1.000000,0.048951
24.760000,1.000000,0.049416
24.770000,1.000000,0.064234
24.780000,1.000000,0.061173
24.790000,1.000000,-0.224095
24.800000,1.000000,-1.000000
24.810000,1.000000,1.000000
24.820000,1.000000,1.000000
24.830000,1.000000,1.000000
24.840000,1.000000,1.000000
24.850000,1.000000,1.000000
24.860000,1.000000,1.000000
24.870000,1.000000,1.000000
24.880000,1.000000,1.000000
24.890000,1.000000,1.000000
24.900000,1.000000,1.000000
24.910000,1.000000,1.000000
24.920000,1.000000,1.000000
24.930000,1.000000,1.000000
24.940000,1.000000,1.000000
24.950000,1.000000,1.000000
24.960000,1.000000,1.000000
24.970000,1.000000,1.000000
24